date_SC,trial,channel,degree_min,temp_pulled,batch_parasitoid,date_check_3day,discolor_3day,movement_3day,cocoon,stage_l_p_w_3day,date_adult,date_fungus,date_check_7day,discolor_7day,movement_7day,stage_l_p_w_7day,note,est_scp,eclose,temp_pulled_grouped,uid,trial_id,degree_min_continuous
2019-03-01,e,3,1,-16,20,2019-02-25,1,0,Y,L,NA,NA,NA,NA,NA,NA,NA,NA,0,-16,1,2019-03-01e,1
2019-03-01,e,4,1,-4,20,2019-02-25,0,0,N,L,NA,NA,2019-03-18,0,0,NA,NA,NA,0,-4,2,2019-03-01e,1
2019-03-01,e,5,1,-14,20,2019-02-25,1,0,Y,L,NA,NA,2019-04-05,1,0,W,NA,NA,1,-14,3,2019-03-01e,1
2019-03-01,e,7,1,-18,20,2019-02-25,1,0,Y,L,NA,NA,2019-04-05,1,0,W,NA,NA,0,-18,4,2019-03-01e,1
2019-03-01,e,8,1,0,20,2019-02-25,1,0,Y,L,NA,NA,2019-04-05,1,0,p,NA,NA,0,0,5,2019-03-01e,1
2019-03-01,e,9,1,-8,20,2019-02-25,1,0,N,L,NA,NA,2019-03-18,0,0,NA,NA,NA,0,-8,6,2019-03-01e,1
2019-03-01,e,10,1,-20,20,2019-02-25,1,0,Y,L,NA,NA,NA,NA,NA,NA,NA,NA,0,-20,7,2019-03-01e,1
2019-03-01,e,11,1,-2,20,2019-02-25,1,1,,NA,NA,NA,NA,NA,NA,NA,NA,NA,0,-2,8,2019-03-01e,1
2019-03-01,e,13,1,-12,20,2019-02-25,1,0,Y,L,NA,NA,2019-04-05,NA,0,L,NA,NA,0,-12,9,2019-03-01e,1
2019-03-01,e,14,1,-6,20,2019-02-25,1,1,N,L,NA,NA,2019-03-18,0,0,NA,NA,NA,0,-6,10,2019-03-01e,1
2019-03-01,e,15,1,-10,20,2019-02-25,1,0,Y,L,NA,NA,NA,NA,NA,NA,NA,NA,0,-10,11,2019-03-01e,1
2019-03-01,e,control,1,NA,20,2019-02-25,1,0,Y,L,NA,NA,2019-04-05,NA,0,P,NA,NA,1,NA,12,2019-03-01e,1
2019-03-01,e,control,1,NA,20,2019-02-25,1,0,Y,L,NA,NA,NA,NA,NA,NA,NA,NA,0,NA,13,2019-03-01e,1
2019-03-01,e,control,1,NA,20,2013-02-25,1,1,Y,L,NA,NA,NA,NA,NA,NA,NA,NA,0,NA,14,2019-03-01e,1
2019-07-11,b,3,0.1,-24,NA,2019-07-16,1,NA,NA,NA,NA,NA,NA,NA,NA,NA,NA,NA,0,-24,15,2019-07-11b,0.1
2019-07-11,b,4,0.1,-22,NA,2019-07-16,1,NA,NA,NA,NA,NA,NA,NA,NA,NA,NA,NA,0,-22,16,2019-07-11b,0.1
2019-07-11,b,5,0.1,-28,NA,2019-07-16,1,NA,NA,NA,NA,NA,NA,NA,NA,NA,NA,-27,0,-28,17,2019-07-11b,0.1
2019-07-11,b,7,0.1,-28,NA,2019-07-16,1,NA,NA,NA,NA,NA,NA,NA,NA,NA,NA,-26,0,-28,18,2019-07-11b,0.1
2019-07-11,b,9,0.1,-28,NA,2019-07-16,1,NA,NA,NA,NA,NA,NA,NA,NA,NA,NA,-24.5,0,-28,19,2019-07-11b,0.1
2019-07-11,b,10,0.1,-28,NA,2019-07-16,1,NA,NA,NA,NA,NA,NA,NA,NA,NA,NA,-27,0,-28,20,2019-07-11b,0.1
2019-07-11,b,13,0.1,-28,NA,2019-07-16,1,NA,NA,NA,NA,NA,NA,NA,NA,NA,NA,-22.5,0,-28,21,2019-07-11b,0.1
2019-07-11,b,14,0.1,-28,NA,2019-07-16,1,NA,NA,NA,NA,NA,NA,NA,NA,NA,NA,-21,0,-28,22,2019-07-11b,0.1
2019-07-11,b,15,0.1,-26,NA,2019-07-16,1,NA,NA,NA,NA,NA,NA,NA,NA,NA,NA,-22.5,0,-26,23,2019-07-11b,0.1
2019-07-11,b,control,0.1,NA,NA,2019-07-16,1,NA,NA,NA,NA,NA,NA,NA,NA,NA,NA,NA,1,NA,24,2019-07-11b,0.1
2019-07-11,b,control,0.1,NA,NA,2019-07-16,1,NA,NA,NA,NA,NA,NA,NA,NA,NA,NA,NA,0,NA,25,2019-07-11b,0.1
2019-07-11,b,control,0.1,NA,NA,2019-07-16,1,NA,NA,NA,NA,NA,NA,NA,NA,NA,NA,NA,0,NA,26,2019-07-11b,0.1
2019-03-12,c,3,0.5,-16,A,2019-03-20,1,0,N,P,NA,NA,2019-04-05,1,0,W,NA,NA,0,-16,27,2019-03-12c,0.5
2019-03-12,c,4,0.5,-20,A,2019-03-20,1,0,YR,P,NA,2019-03-27,NA,NA,NA,NA,NA,NA,0,-20,28,2019-03-12c,0.5
2019-03-12,c,5,0.5,-14,A,2019-03-20,1,0,N,W,NA,2019-03-27,NA,NA,NA,NA,NA,NA,0,-14,29,2019-03-12c,0.5
2019-03-12,c,7,0.5,-2,A,2019-03-20,1,0,YR,W,2019-03-26,NA,NA,NA,NA,NA,NA,NA,1,-2,30,2019-03-12c,0.5
2019-03-12,c,8,0.5,-10,A,2019-03-20,1,0,Y,W,NA,2019-04-05,2019-04-05,1,0,W,NA,NA,0,-10,31,2019-03-12c,0.5
2019-03-12,c,9,0.5,-18,A,2019-03-20,1,0,N,L,NA,NA,2019-04-05,NA,0,L,NA,NA,0,-18,32,2019-03-12c,0.5
2019-03-12,c,10,0.5,-4,A,2019-03-18,0,0,N,L,NA,NA,NA,NA,NA,NA,NA,NA,0,-4,33,2019-03-12c,0.5
2019-03-12,c,11,0.5,-6,A,2019-03-20,0,0,N,L,NA,NA,NA,NA,NA,NA,NA,NA,0,-6,34,2019-03-12c,0.5
2019-03-12,c,13,0.5,0,A,2019-03-18,0,0,Y,L,NA,NA,NA,NA,NA,NA,NA,NA,0,0,35,2019-03-12c,0.5
2019-03-12,c,14,0.5,-8,A,2019-03-18,1,0,N,L,NA,NA,NA,NA,NA,NA,NA,NA,0,-8,36,2019-03-12c,0.5
2019-03-12,c,15,0.5,-12,A,2019-03-20,1,0,Y,W,2019-04-05,NA,NA,NA,NA,NA,ADULT IN COCOON,NA,1,-12,37,2019-03-12c,0.5
2019-03-12,c,control,0.5,NA,A,2019-03-20,1,0,Y,P,NA,NA,2019-04-05,1,0,W,NA,NA,1,NA,38,2019-03-12c,0.5
2019-03-12,c,control,0.5,NA,A,2019-03-20,1,0,N,W,NA,NA,2019-04-05,NA,0,P,NA,NA,1,NA,39,2019-03-12c,0.5
2019-03-12,f,3,0.1,-30,A,2019-03-18,0,0,Y,L,NA,NA,NA,NA,NA,NA,NA,-25.4,0,-30,40,2019-03-12f,0.1
2019-03-12,f,4,0.1,-33,20,2019-03-18,0,0,Y,L,NA,NA,NA,NA,NA,NA,NA,-26.2,0,-32,41,2019-03-12f,0.1
2019-03-12,f,5,0.1,-26,A,2019-03-18,0,0,Y,L,NA,NA,NA,NA,NA,NA,NA,-25.6,0,-26,42,2019-03-12f,0.1
2019-03-12,f,7,0.1,-32.5,A,2019-03-18,0,0,Y,L,NA,NA,NA,NA,NA,NA,NA,-25,0,-32,43,2019-03-12f,0.1
2019-03-12,f,8,0.1,-28,20,2019-03-20,1,0,Y,L,NA,NA,2019-04-05,1,0,L,NA,-25.5,0,-28,44,2019-03-12f,0.1
2019-03-12,f,9,0.1,-32,A,2019-03-18,0,0,N,L,NA,NA,NA,NA,NA,NA,NA,-25.9,0,-32,45,2019-03-12f,0.1
2019-03-12,f,10,0.1,-22,A,2019-03-20,1,0,Y,W,2019-03-26,NA,NA,NA,NA,NA,NA,NA,1,-22,46,2019-03-12f,0.1
2019-03-12,f,11,0.1,-33,20,2019-03-20,1,0,Y,L,NA,NA,2019-04-05,NA,0,L,NA,-26.7,0,-32,47,2019-03-12f,0.1
2019-03-12,f,13,0.1,-24,20,2019-03-20,1,0,Y,L,NA,NA,2019-04-05,1,0,L,NA,NA,0,-24,48,2019-03-12f,0.1
2019-03-12,f,15,0.1,-33,A,2019-03-18,0,0,Y,L,NA,NA,NA,NA,NA,NA,NA,-25.9,0,-32,49,2019-03-12f,0.1
2019-03-12,f,control,0.1,NA,20,2019-03-20,1,0,Y,L,NA,NA,2019-04-05,1,0,L,NA,NA,0,NA,50,2019-03-12f,0.1
2019-03-12,f,control,0.1,NA,A,2019-03-20,1,1,Y,L,NA,NA,2019-04-05,1,0,L,NA,NA,0,NA,51,2019-03-12f,0.1
2019-03-12,f,control,0.1,NA,A,2019-03-20,1,1,Y,L,NA,NA,2019-04-05,1,0,L,NA,NA,0,NA,52,2019-03-12f,0.1
2019-03-13,a,3,0.1,-2,A,2019-03-20,1,1,N,L,NA,NA,2019-04-05,NA,0,L,NA,NA,0,-2,53,2019-03-13a,0.1
2019-03-13,a,4,0.1,-14,A,2019-03-18,0,0,N,L,NA,NA,NA,NA,NA,NA,NA,NA,0,-14,54,2019-03-13a,0.1
2019-03-13,a,5,0.1,-16,A,2019-03-20,1,1,N,L,NA,NA,2019-04-05,NA,0,L,NA,NA,0,-16,55,2019-03-13a,0.1
2019-03-13,a,7,0.1,0,A,2019-03-20,1,1,N,L,NA,NA,2019-04-05,1,0,L,NA,NA,0,0,56,2019-03-13a,0.1
2019-03-13,a,8,0.1,-20,A,2019-03-20,1,1,N,L,NA,NA,2019-04-05,1,0,L,NA,NA,0,-20,57,2019-03-13a,0.1
2019-03-13,a,9,0.1,-8,A,2019-03-20,1,1,N,L,NA,2019-04-05,NA,NA,NA,NA,NA,NA,0,-8,58,2019-03-13a,0.1
2019-03-13,a,10,0.1,-10,A,2019-03-20,1,1,N,L,NA,NA,2019-04-05,0,0,L,NA,NA,0,-10,59,2019-03-13a,0.1
2019-03-13,a,11,0.1,-6,A,2019-03-20,1,1,N,L,NA,NA,2019-04-05,1,0,P,NA,NA,0,-6,60,2019-03-13a,0.1
2019-03-13,a,13,0.1,-12,A,2019-03-20,1,0,N,L,NA,NA,2019-03-27,0,0,NA,NA,NA,0,-12,61,2019-03-13a,0.1
2019-03-13,a,14,0.1,-4,A,2019-03-20,1,0,Y,W,2019-03-27,NA,NA,NA,NA,NA,2 ADULTS,NA,1,-4,62,2019-03-13a,0.1
2019-03-13,a,15,0.1,-18,A,2019-03-20,1,0,Y,W,2019-04-05,NA,NA,NA,NA,NA,ADULT IN COCOON,NA,1,-18,63,2019-03-13a,0.1
2019-03-13,a,control,0.1,NA,A,2019-03-20,1,1,N,L,NA,NA,2019-04-05,NA,0,L,NA,NA,0,NA,64,2019-03-13a,0.1
2019-03-13,a,control,0.1,NA,A,2019-03-20,1,1,N,L,NA,2019-04-05,NA,NA,NA,NA,NA,NA,0,NA,65,2019-03-13a,0.1
2019-06-13,1d,3,0.5,-32,NA,2019-06-17,0,NA,NA,L,NA,NA,NA,NA,NA,NA,NA,-25.2,0,-32,66,2019-06-131d,0.5
2019-06-13,1d,4,0.5,-32,NA,2019-06-17,1,NA,NA,L,NA,NA,NA,NA,NA,NA,NA,NA,0,-32,67,2019-06-131d,0.5
2019-06-13,1d,4,0.5,-32,NA,2019-06-17,1,NA,NA,L,NA,NA,NA,NA,NA,NA,NA,-25.8,0,-32,68,2019-06-131d,0.5
2019-06-13,1d,5,0.5,-32,NA,2019-06-17,1,NA,NA,L,NA,NA,NA,NA,NA,NA,NA,-21.2,0,-32,69,2019-06-131d,0.5
2019-06-13,1d,7,0.5,-30,NA,2019-06-17,0,NA,NA,L,NA,NA,NA,NA,NA,NA,NA,-23.1,0,-30,70,2019-06-131d,0.5
2019-06-13,1d,9,0.5,-32,NA,2019-06-17,1,NA,NA,L,NA,NA,NA,NA,NA,NA,NA,-23.7,0,-32,71,2019-06-131d,0.5
2019-06-13,1d,10,0.5,-22,NA,2019-06-17,1,NA,NA,L,NA,NA,NA,NA,NA,NA,NA,NA,0,-22,72,2019-06-131d,0.5
2019-06-13,1d,11,0.5,-24,NA,2019-06-17,1,NA,NA,L,NA,NA,NA,NA,NA,NA,NA,NA,0,-24,73,2019-06-131d,0.5
2019-06-13,1d,13,0.5,-26,NA,2019-06-17,0,NA,NA,L,NA,NA,NA,NA,NA,NA,NA,NA,0,-26,74,2019-06-131d,0.5
2019-06-13,1d,14,0.5,-28,NA,2019-06-17,1,NA,NA,L,NA,NA,NA,NA,NA,NA,NA,-23.9,0,-28,75,2019-06-131d,0.5
2019-06-13,1d,15,0.5,-32,NA,2019-06-17,1,NA,NA,L,NA,NA,NA,NA,NA,NA,NA,-23.6,0,-32,76,2019-06-131d,0.5
2019-06-13,1d,control,0.5,NA,NA,2019-06-17,0,NA,NA,L,NA,NA,NA,NA,NA,NA,NA,NA,1,NA,77,2019-06-131d,0.5
2019-06-13,1d,control,0.5,NA,NA,2019-06-17,1,NA,NA,L,NA,NA,NA,NA,NA,NA,NA,NA,0,NA,78,2019-06-131d,0.5
2019-06-13,2d,3,0.5,-28,NA,2019-06-17,0,NA,Y,L,NA,NA,NA,NA,NA,NA,NA,-26.2,0,-28,79,2019-06-132d,0.5
2019-06-13,2d,4,0.5,-22,NA,2019-06-17,1,NA,Y,L,NA,NA,NA,NA,NA,NA,NA,NA,1,-22,80,2019-06-132d,0.5
2019-06-13,2d,7,0.5,-32,NA,2019-06-17,1,NA,Y,L,NA,NA,NA,NA,NA,NA,NA,-27,0,-32,81,2019-06-132d,0.5
2019-06-13,2d,8,0.5,-24,NA,2019-06-17,1,NA,Y,L,NA,NA,NA,NA,NA,NA,NA,NA,0,-24,82,2019-06-132d,0.5
2019-06-13,2d,9,0.5,-32,NA,2019-06-17,1,NA,Y,L,NA,NA,NA,NA,NA,NA,NA,-26,0,-32,83,2019-06-132d,0.5
2019-06-13,2d,10,0.5,-32,NA,2019-06-17,1,NA,Y,L,NA,NA,NA,NA,NA,NA,NA,-25.7,0,-32,84,2019-06-132d,0.5
2019-06-13,2d,11,0.5,-30,NA,2019-06-17,1,NA,Y,L,NA,NA,NA,NA,NA,NA,NA,-25.3,0,-30,85,2019-06-132d,0.5
2019-06-13,2d,14,0.5,-32,NA,2019-06-17,1,NA,Y,L,NA,NA,NA,NA,NA,NA,NA,-24.4,0,-32,86,2019-06-132d,0.5
2019-06-13,2d,15,0.5,-26,NA,2019-06-17,1,NA,Y,L,NA,NA,NA,NA,NA,NA,NA,-20.9,0,-26,87,2019-06-132d,0.5
2019-06-13,2d,control,0.5,NA,NA,2019-06-17,1,NA,Y,L,NA,NA,NA,NA,NA,NA,NA,NA,0,NA,88,2019-06-132d,0.5
2019-06-13,2d,control,0.5,NA,NA,2019-06-17,1,NA,Y,L,NA,NA,NA,NA,NA,NA,NA,NA,0,NA,89,2019-06-132d,0.5
2019-03-14,c,3,0.5,-8,A,2019-03-20,1,1,N,L,NA,2019-03-27,NA,NA,NA,NA,NA,NA,0,-8,90,2019-03-14c,0.5
2019-03-14,c,4,0.5,-12,A,2019-03-20,1,1,N,L,NA,NA,2019-04-05,1,0,P,NA,NA,0,-12,91,2019-03-14c,0.5
2019-03-14,c,5,0.5,0,A,2019-03-20,1,1,N,L,NA,NA,2019-04-05,1,0,W,NA,NA,0,0,92,2019-03-14c,0.5
2019-03-14,c,7,0.5,-20,A,2019-03-20,1,1,Y,L,2019-04-12,NA,2019-04-05,1,0,W,ADULT IN COCCOON,NA,1,-20,93,2019-03-14c,0.5
2019-03-14,c,8,0.5,-2,A,2019-03-20,1,1,Y,L,NA,NA,2019-04-05,1,0,L,NA,NA,1,-2,94,2019-03-14c,0.5
2019-03-14,c,9,0.5,-18,A,2019-03-20,1,1,N,L,NA,NA,2019-04-05,1,0,L,NA,NA,0,-18,95,2019-03-14c,0.5
2019-03-14,c,10,0.5,-4,A,2019-03-18,0,0,N,L,NA,NA,NA,NA,NA,NA,NA,NA,0,-4,96,2019-03-14c,0.5
2019-03-14,c,11,0.5,-10,A,2019-03-20,1,0,Y,W,2019-04-05,NA,NA,NA,NA,NA,ADULT IN COCOON,NA,1,-10,97,2019-03-14c,0.5
2019-03-14,c,13,0.5,-14,A,2019-03-20,1,1,N,L,NA,2019-03-27,NA,NA,NA,NA,NA,NA,0,-14,98,2019-03-14c,0.5
2019-03-14,c,14,0.5,-16,A,2019-03-18,0,0,N,L,NA,NA,NA,NA,NA,NA,NA,NA,0,-16,99,2019-03-14c,0.5
2019-03-14,c,15,0.5,-6,A,2019-03-20,1,0,N,L,NA,NA,2019-04-05,NA,0,L,NA,NA,0,-6,100,2019-03-14c,0.5
2019-03-14,c,control,0.5,NA,A,2019-03-20,1,0,N,L,NA,NA,2019-04-05,1,0,W,NA,NA,0,NA,101,2019-03-14c,0.5
2019-03-14,c,control,0.5,NA,A,2019-03-18,1,0,Y,L,NA,NA,NA,NA,NA,NA,NA,NA,0,NA,102,2019-03-14c,0.5
2019-03-14,d,3,0.5,-34,A,2019-03-18,0,0,Y,L,NA,NA,NA,NA,NA,NA,NA,-25.5,0,-32,103,2019-03-14d,0.5
2019-03-14,d,4,0.5,-24,A,2019-03-20,1,1,Y,L,NA,NA,2019-04-05,1,0,P,NA,NA,0,-24,104,2019-03-14d,0.5
2019-03-14,d,5,0.5,-36,A,2019-03-18,0,0,Y,L,NA,NA,NA,NA,NA,NA,NA,-24.7,0,-32,105,2019-03-14d,0.5
2019-03-14,d,7,0.5,-28,A,2019-03-18,0,0,N,L,NA,NA,NA,NA,NA,NA,NA,-26.5,0,-28,106,2019-03-14d,0.5
2019-03-14,d,8,0.5,-30,A,2019-03-18,0,0,Y,L,NA,NA,NA,NA,NA,NA,NA,-26.9,0,-30,107,2019-03-14d,0.5
2019-03-14,d,9,0.5,-32,A,2019-03-18,0,0,Y,L,NA,NA,NA,NA,NA,NA,NA,-25.1,0,-32,108,2019-03-14d,0.5
2019-03-14,d,10,0.5,-35.5,A,2019-03-18,0,0,Y,L,NA,NA,NA,NA,NA,NA,NA,-25.9,0,-32,109,2019-03-14d,0.5
2019-03-14,d,13,0.5,-26,A,2019-03-20,1,1,N,L,NA,NA,2019-04-05,1,0,L,NA,NA,0,-26,110,2019-03-14d,0.5
2019-03-14,d,14,0.5,-22,A,2019-03-20,1,0,YR,W,2019-03-29,NA,NA,NA,NA,NA,NA,NA,1,-22,111,2019-03-14d,0.5
2019-03-14,d,15,0.5,-35.5,A,2019-03-18,0,0,N,L,NA,NA,NA,NA,NA,NA,NA,-26,0,-32,112,2019-03-14d,0.5
2019-03-14,d,control,0.5,NA,A,2019-03-18,1,0,Y,L,NA,NA,NA,NA,NA,NA,NA,NA,0,NA,113,2019-03-14d,0.5
2019-03-14,d,control,0.5,NA,A,2019-03-20,1,1,Y,L,NA,NA,2019-04-05,1,0,L,NA,NA,NA,NA,114,2019-03-14d,0.5
2019-03-14,d,control,0.5,NA,A,2019-03-18,1,0,N,L,NA,NA,NA,NA,NA,NA,NA,NA,0,NA,115,2019-03-14d,0.5
2019-03-14,e,3,1,-6,A,2019-03-20,1,1,N,L,NA,NA,2019-04-05,1,0,L,NA,NA,0,-6,116,2019-03-14e,1
2019-03-14,e,4,1,-2,A,2019-03-20,1,0,N,L,NA,2019-03-27,NA,NA,NA,NA,NA,NA,0,-2,117,2019-03-14e,1
2019-03-14,e,5,1,-16,A,2019-03-20,1,1,N,L,NA,NA,2019-04-05,1,0,P,NA,NA,0,-16,118,2019-03-14e,1
2019-03-14,e,7,1,-18,A,2019-03-20,0,0,N,L,NA,NA,NA,NA,NA,NA,NA,NA,0,-18,119,2019-03-14e,1
2019-03-14,e,8,1,-14,A,2019-03-20,1,1,N,L,NA,NA,2019-04-05,NA,0,L,NA,NA,0,-14,120,2019-03-14e,1
2019-03-14,e,9,1,-12,B,2019-03-18,0,0,N,L,NA,NA,NA,NA,NA,NA,NA,NA,0,-12,121,2019-03-14e,1
2019-03-14,e,10,1,-4,B,2019-03-20,0,0,N,L,NA,NA,NA,NA,NA,NA,NA,NA,0,-4,122,2019-03-14e,1
2019-03-14,e,11,1,-20,A,2019-03-20,0,0,N,L,NA,NA,NA,NA,NA,NA,NA,NA,0,-20,123,2019-03-14e,1
2019-03-14,e,13,1,-10,A,NA,1,0,N,L,NA,NA,2019-04-05,NA,0,L,NA,NA,0,-10,124,2019-03-14e,1
2019-03-14,e,14,1,0,A,2019-03-20,1,0,N,L,NA,NA,2019-04-05,0,0,L,NA,NA,0,0,125,2019-03-14e,1
2019-03-14,e,15,1,-8,A,2019-03-18,0,0,N,L,NA,NA,NA,NA,NA,NA,NA,NA,0,-8,126,2019-03-14e,1
2019-03-14,e,control,1,NA,B,2019-03-20,1,1,N,P,NA,NA,2019-04-05,1,0,L,NA,NA,0,NA,127,2019-03-14e,1
2019-03-14,e,control,1,NA,A,2019-03-18,0,0,N,L,NA,NA,NA,NA,NA,NA,NA,NA,0,NA,128,2019-03-14e,1
2019-06-14,f,3,1,-22,NA,2019-06-17,1,NA,NA,L,NA,NA,NA,NA,NA,NA,NA,NA,0,-22,129,2019-06-14f,1
2019-06-14,f,4,1,-24,NA,2019-06-17,1,NA,NA,L,NA,NA,NA,NA,NA,NA,NA,NA,1,-24,130,2019-06-14f,1
2019-06-14,f,7,1,-30,NA,2019-06-17,1,NA,NA,L,NA,NA,NA,NA,NA,NA,NA,NA,0,-30,131,2019-06-14f,1
2019-06-14,f,8,1,-34,NA,2019-06-17,0,NA,NA,L,NA,NA,NA,NA,NA,NA,NA,NA,0,-32,132,2019-06-14f,1
2019-06-14,f,10,1,-34,NA,2019-06-17,0,NA,NA,L,NA,NA,NA,NA,NA,NA,NA,-23.1,0,-32,133,2019-06-14f,1
2019-06-14,f,11,1,-28,NA,2019-06-17,1,NA,NA,L,NA,NA,NA,NA,NA,NA,NA,-19.2,0,-28,134,2019-06-14f,1
2019-06-14,f,13,1,-26,NA,2019-06-17,1,NA,NA,L,NA,NA,NA,NA,NA,NA,NA,NA,0,-26,135,2019-06-14f,1
2019-06-14,f,14,1,-32,NA,2019-06-17,1,NA,NA,L,NA,NA,NA,NA,NA,NA,NA,NA,0,-32,136,2019-06-14f,1
2019-06-14,f,15,1,-34,NA,2019-06-17,0,NA,NA,L,NA,NA,NA,NA,NA,NA,NA,-23.3,1,-32,137,2019-06-14f,1
2019-06-14,f,control,1,NA,NA,2019-06-17,1,NA,NA,L,NA,NA,NA,NA,NA,NA,NA,NA,0,NA,138,2019-06-14f,1
2019-06-14,f,control,1,NA,NA,2019-06-17,1,NA,NA,L,NA,NA,NA,NA,NA,NA,NA,NA,1,NA,139,2019-06-14f,1
2019-06-14,f,control,1,NA,NA,2019-06-17,1,NA,NA,L,NA,NA,NA,NA,NA,NA,NA,NA,1,NA,140,2019-06-14f,1
2019-02-15,e,4,1,-10,25,2019-02-21,1,1,Y,L,NA,NA,NA,NA,NA,NA,Probably an artifact,-8.4,0,-10,141,2019-02-15e,1
2019-02-15,e,5,1,-16,25,2019-02-21,1,1,Y,L,NA,NA,NA,NA,NA,NA,NA,NA,0,-16,142,2019-02-15e,1
2019-02-15,e,7,1,-18,25,2019-02-21,1,1,Y,L,NA,NA,NA,NA,NA,NA,NA,NA,1,-18,143,2019-02-15e,1
2019-02-15,e,8,1,-2,25,2019-02-21,1,0,Y,L,NA,NA,NA,NA,NA,NA,NA,NA,0,-2,144,2019-02-15e,1
2019-02-15,e,9,1,0,25,2019-02-21,1,0,Y,L,NA,NA,NA,NA,NA,NA,NA,NA,0,0,145,2019-02-15e,1
2019-02-15,e,10,1,-6,25,2019-02-21,1,1,Y,L,NA,NA,NA,NA,NA,NA,NA,NA,1,-6,146,2019-02-15e,1
2019-02-15,e,11,1,-4,25,2019-02-21,1,1,Y,L,NA,NA,NA,NA,NA,NA,NA,NA,1,-4,147,2019-02-15e,1
2019-02-15,e,13,1,-8,25,2019-02-21,1,1,N,L,NA,NA,NA,NA,NA,NA,NA,NA,0,-8,148,2019-02-15e,1
2019-02-15,e,14,1,-14,25,2019-02-21,1,1,Y,L,2019-03-27,NA,NA,NA,NA,NA,2 LARVAE,NA,1,-14,149,2019-02-15e,1
2019-02-15,e,15,1,-12,25,2019-02-21,1,1,Y,L,NA,NA,NA,NA,NA,NA,NA,NA,0,-12,150,2019-02-15e,1
2019-02-15,e,control,1,NA,25,2019-02-21,1,1,Y,L,NA,NA,NA,NA,NA,NA,NA,NA,1,NA,151,2019-02-15e,1
2019-02-15,e,control,1,NA,25,2019-02-21,1,1,N,L,NA,NA,NA,NA,NA,NA,NA,NA,0,NA,152,2019-02-15e,1
2019-02-15,e,control,1,NA,25,2019-02-21,1,1,N,L,NA,NA,NA,NA,NA,NA,NA,NA,0,NA,153,2019-02-15e,1
2019-03-15,1c,3,0.5,-12,B,2019-03-20,1,1,N,L,NA,NA,2019-03-27,0,0,NA,NA,NA,0,-12,154,2019-03-151c,0.5
2019-03-15,1c,4,0.5,-10,B,2019-03-20,1,1,N,L,NA,NA,2019-04-05,1,0,W,NA,NA,0,-10,155,2019-03-151c,0.5
2019-03-15,1c,5,0.5,-8,B,2019-03-18,0,0,N,L,NA,NA,NA,NA,NA,NA,NA,NA,0,-8,156,2019-03-151c,0.5
2019-03-15,1c,7,0.5,-4,B,2019-03-20,1,1,N,L,NA,NA,2019-03-27,0,0,NA,NA,NA,0,-4,157,2019-03-151c,0.5
2019-03-15,1c,8,0.5,-20,B,2019-03-20,0,0,N,L,NA,NA,NA,NA,NA,NA,NA,NA,0,-20,158,2019-03-151c,0.5
2019-03-15,1c,9,0.5,-14,B,2019-03-20,1,1,N,L,NA,2019-04-05,2019-04-05,0,0,L,NA,NA,0,-14,159,2019-03-151c,0.5
2019-03-15,1c,10,0.5,-18,B,2019-03-20,1,1,N,L,NA,2019-04-05,2019-04-05,0,0,L,NA,NA,0,-18,160,2019-03-151c,0.5
2019-03-15,1c,11,0.5,-6,B,2019-03-20,1,1,N,L,NA,NA,2019-04-05,1,0,L,NA,NA,0,-6,161,2019-03-151c,0.5
2019-03-15,1c,13,0.5,-2,B,2019-03-20,1,1,N,L,NA,NA,2019-04-05,1,0,L,NA,NA,0,-2,162,2019-03-151c,0.5
2019-03-15,1c,14,0.5,-16,B,2019-03-20,1,0,N,L,NA,2019-03-20,NA,NA,NA,NA,NA,NA,0,-16,163,2019-03-151c,0.5
2019-03-15,1c,15,0.5,0,B,2019-03-20,1,1,N,L,NA,NA,2019-04-05,NA,0,L,NA,NA,0,0,164,2019-03-151c,0.5
2019-03-15,1c,control,0.5,NA,B,2019-03-20,1,1,N,L,NA,NA,2019-04-05,1,0,L,NA,NA,0,NA,165,2019-03-151c,0.5
2019-03-15,1c,control,0.5,NA,B,2019-03-20,1,1,N,L,NA,NA,2019-04-05,1,0,L,NA,NA,0,NA,166,2019-03-151c,0.5
2019-03-15,2c,3,0.5,-12,B,2019-03-20,1,0,N,L,NA,2019-03-20,NA,NA,NA,NA,NA,NA,0,-12,167,2019-03-152c,0.5
2019-03-15,2c,4,0.5,-6,B,2019-03-20,1,0,N,L,NA,2019-03-27,NA,NA,NA,NA,NA,NA,0,-6,168,2019-03-152c,0.5
2019-03-15,2c,5,0.5,-4,B,2019-03-18,0,0,N,L,NA,NA,NA,NA,NA,NA,NA,NA,0,-4,169,2019-03-152c,0.5
2019-03-15,2c,7,0.5,-14,B,2019-03-18,0,0,N,L,NA,NA,NA,NA,NA,NA,NA,NA,0,-14,170,2019-03-152c,0.5
2019-03-15,2c,8,0.5,-18,B,2019-03-20,1,1,N,L,NA,2019-04-05,NA,NA,NA,NA,NA,NA,0,-18,171,2019-03-152c,0.5
2019-03-15,2c,9,0.5,-20,B,2019-03-20,1,1,N,L,NA,NA,2019-04-05,0,0,L,NA,NA,0,-20,172,2019-03-152c,0.5
2019-03-15,2c,10,0.5,-2,B,2019-03-20,1,1,N,L,NA,NA,2019-04-05,1,0,L,NA,NA,0,-2,173,2019-03-152c,0.5
2019-03-15,2c,11,0.5,-16,B,2019-03-18,0,0,N,L,NA,NA,NA,NA,NA,NA,NA,NA,0,-16,174,2019-03-152c,0.5
2019-03-15,2c,13,0.5,-8,B,2019-03-20,1,1,N,L,NA,2019-04-05,2019-03-27,0,0,NA,NA,NA,0,-8,175,2019-03-152c,0.5
2019-03-15,2c,14,0.5,0,B,2019-03-20,1,0,N,L,NA,NA,NA,NA,NA,NA,NA,NA,0,0,176,2019-03-152c,0.5
2019-03-15,2c,15,0.5,-10,B,2019-03-18,0,0,N,L,NA,NA,NA,NA,NA,NA,NA,NA,0,-10,177,2019-03-152c,0.5
2019-03-15,2c,control,0.5,NA,B,2019-03-20,1,0,N,P,2019-04-12,NA,2019-04-05,1,0,W,ADULT DRY,NA,1,NA,178,2019-03-152c,0.5
2019-03-15,2c,control,0.5,NA,B,2019-03-20,1,1,N,L,NA,NA,2019-04-05,NA,0,L,NA,NA,0,NA,179,2019-03-152c,0.5
2019-03-15,e,3,1,-20,B,2019-03-20,1,1,N,L,NA,NA,2019-04-05,NA,0,L,NA,NA,0,-20,180,2019-03-15e,1
2019-03-15,e,4,1,-4,B,2019-03-20,1,1,N,L,NA,NA,2019-04-05,1,0,W,NA,NA,0,-4,181,2019-03-15e,1
2019-03-15,e,5,1,-2,B,2019-03-20,1,1,N,L,NA,NA,2019-04-05,1,0,W,NA,NA,0,-2,182,2019-03-15e,1
2019-03-15,e,7,1,-12,B,2019-03-20,1,0,YR,W,NA,NA,2019-04-05,1,0,W,NA,NA,0,-12,183,2019-03-15e,1
2019-03-15,e,8,1,-6,B,2019-03-20,1,0,N,P,NA,NA,2019-04-05,1,0,W,NA,NA,0,-6,184,2019-03-15e,1
2019-03-15,e,9,1,-14,B,2019-03-18,0,0,Y,L,NA,NA,NA,NA,NA,NA,NA,NA,0,-14,185,2019-03-15e,1
2019-03-15,e,10,1,-8,B,2019-03-20,1,1,N,L,NA,NA,2019-04-05,NA,0,L,NA,NA,0,-8,186,2019-03-15e,1
2019-03-15,e,11,1,-18,B,2019-03-20,1,0,N,W,2019-04-12,NA,2019-04-05,1,0,W,ADULT DRY,NA,1,-18,187,2019-03-15e,1
2019-03-15,e,13,1,-10,B,2019-03-20,1,1,N,L,NA,NA,2019-04-05,1,0,L,NA,NA,0,-10,188,2019-03-15e,1
2019-03-15,e,14,1,-16,B,2019-03-18,0,0,N,L,NA,NA,NA,NA,NA,NA,NA,NA,0,-16,189,2019-03-15e,1
2019-03-15,e,15,1,0,B,2019-03-20,1,0,N,P,2019-04-05,NA,NA,NA,NA,NA,NA,NA,1,0,190,2019-03-15e,1
2019-03-15,e,control,1,NA,B,2019-03-20,1,0,N,P,NA,NA,2019-04-05,NA,0,P,NA,NA,0,NA,191,2019-03-15e,1
2019-03-15,e,control,1,NA,B,2019-03-20,1,1,N,L,NA,NA,2019-04-05,1,0,L,NA,NA,0,NA,192,2019-03-15e,1
2019-06-17,a,3,0.1,-2,NA,2019-06-20,1,NA,NA,L,NA,NA,NA,NA,NA,NA,bad batch?,NA,0,-2,193,2019-06-17a,0.1
2019-06-17,a,4,0.1,-8,NA,2019-06-20,1,NA,NA,L,NA,NA,NA,NA,NA,NA,bad batch?,NA,0,-8,194,2019-06-17a,0.1
2019-06-17,a,5,0.1,-20,NA,2019-06-20,1,NA,NA,L,NA,NA,NA,NA,NA,NA,NA,NA,1,-20,195,2019-06-17a,0.1
2019-06-17,a,7,0.1,-10,NA,2019-06-20,0,NA,NA,L,NA,NA,NA,NA,NA,NA,NA,NA,0,-10,196,2019-06-17a,0.1
2019-06-17,a,8,0.1,-6,NA,2019-06-20,0,NA,NA,L,NA,NA,NA,NA,NA,NA,NA,NA,0,-6,197,2019-06-17a,0.1
2019-06-17,a,9,0.1,0,NA,2019-06-20,0,NA,NA,L,NA,NA,NA,NA,NA,NA,NA,NA,1,0,198,2019-06-17a,0.1
2019-06-17,a,10,0.1,-16,NA,2019-06-20,1,NA,NA,L,NA,NA,NA,NA,NA,NA,NA,NA,0,-16,199,2019-06-17a,0.1
2019-06-17,a,11,0.1,-18,,2019-06-20,NA,NA,NA,NA,NA,NA,NA,NA,NA,NA,NA,NA,0,-18,200,2019-06-17a,0.1
2019-06-17,a,13,0.1,-14,NA,2019-06-20,0,NA,NA,L,NA,NA,NA,NA,NA,NA,NA,NA,0,-14,201,2019-06-17a,0.1
2019-06-17,a,14,0.1,-4,NA,2019-06-20,1,NA,NA,L,NA,NA,NA,NA,NA,NA,NA,NA,0,-4,202,2019-06-17a,0.1
2019-06-17,a,15,0.1,-12,NA,2019-06-20,1,NA,NA,L,NA,NA,NA,NA,NA,NA,NA,NA,0,-12,203,2019-06-17a,0.1
2019-06-17,a,control,0.1,NA,NA,2019-06-20,1,NA,NA,L,NA,NA,NA,NA,NA,NA,NA,NA,0,NA,204,2019-06-17a,0.1
2019-06-17,a,control,0.1,NA,NA,2019-06-20,1,NA,NA,L,NA,NA,NA,NA,NA,NA,NA,NA,1,NA,205,2019-06-17a,0.1
2019-02-18,d,3,0.5,-30,25,2019-02-21,1,0,Y,L,NA,NA,NA,NA,NA,NA,NA,NA,0,-30,206,2019-02-18d,0.5
2019-02-18,d,4,0.5,-24,25,2019-02-21,1,0,Y,L,NA,NA,NA,NA,NA,NA,NA,NA,0,-24,207,2019-02-18d,0.5
2019-02-18,d,5,0.5,-28,25,2019-02-21,0,0,N,L,NA,NA,NA,NA,NA,NA,NA,NA,0,-28,208,2019-02-18d,0.5
2019-02-18,d,7,0.5,-32,25,2019-02-21,0,0,Y,L,NA,NA,NA,NA,NA,NA,NA,NA,0,-32,209,2019-02-18d,0.5
2019-02-18,d,8,0.5,-36,25,2019-02-21,1,0,Y,L,NA,NA,NA,NA,NA,NA,"Exotherm is unusually high, might have been something else freezing.",-8.4,0,-32,210,2019-02-18d,0.5
2019-02-18,d,9,0.5,-36,25,2019-02-21,0,0,N,L,NA,NA,NA,NA,NA,NA,MAY HAVE BEEN DISCOLORED BEFORE,NA,0,-32,211,2019-02-18d,0.5
2019-02-18,d,10,0.5,-20,25,2019-02-21,1,1,Y,L,NA,NA,NA,NA,NA,NA,NA,NA,0,-20,212,2019-02-18d,0.5
2019-02-18,d,11,0.5,-36,25,2019-02-21,0,0,N,L,NA,NA,NA,NA,NA,NA,NA,NA,0,-32,213,2019-02-18d,0.5
2019-02-18,d,13,0.5,-26,25,2019-02-21,1,1,Y,L,NA,NA,NA,NA,NA,NA,NA,NA,0,-26,214,2019-02-18d,0.5
2019-02-18,d,14,0.5,-22,25,2019-02-21,1,0,Y,L,NA,NA,NA,NA,NA,NA,NA,NA,1,-22,215,2019-02-18d,0.5
2019-02-18,d,15,0.5,-34,25,2019-02-21,1,0,Y,L,NA,NA,NA,NA,NA,NA,NA,NA,0,-32,216,2019-02-18d,0.5
2019-02-18,d,control,0.5,NA,25,2019-02-21,1,1,Y,L,NA,NA,NA,NA,NA,NA,NA,NA,0,NA,217,2019-02-18d,0.5
2019-02-18,d,control,0.5,NA,25,2019-02-21,1,1,N,L,NA,NA,NA,NA,NA,NA,NA,NA,0,NA,218,2019-02-18d,0.5
2019-06-19,a,3,0.1,-4,NA,2019-06-24,1,NA,NA,L,NA,NA,NA,NA,NA,NA,NA,NA,0,-4,219,2019-06-19a,0.1
2019-06-19,a,4,0.1,-12,NA,2019-06-24,1,NA,NA,L,NA,NA,NA,NA,NA,NA,NA,NA,0,-12,220,2019-06-19a,0.1
2019-06-19,a,5,0.1,-14,NA,2019-06-24,1,NA,NA,L,NA,NA,NA,NA,NA,NA,NA,NA,1,-14,221,2019-06-19a,0.1
2019-06-19,a,7,0.1,-8,NA,2019-06-24,1,NA,NA,L,NA,NA,NA,NA,NA,NA,NA,NA,0,-8,222,2019-06-19a,0.1
2019-06-19,a,8,0.1,-2,NA,2019-06-24,1,NA,NA,L,NA,NA,NA,NA,NA,NA,NA,NA,0,-2,223,2019-06-19a,0.1
2019-06-19,a,9,0.1,-20,NA,2019-06-24,1,NA,NA,L,NA,NA,NA,NA,NA,NA,NA,NA,0,-20,224,2019-06-19a,0.1
2019-06-19,a,10,0.1,-16,NA,2019-06-24,1,NA,NA,L,NA,NA,NA,NA,NA,NA,NA,NA,1,-16,225,2019-06-19a,0.1
2019-06-19,a,11,0.1,-6,NA,2019-06-24,1,NA,NA,L,NA,NA,NA,NA,NA,NA,NA,NA,0,-6,226,2019-06-19a,0.1
2019-06-19,a,13,0.1,0,NA,2019-06-24,1,NA,NA,L,NA,NA,NA,NA,NA,NA,NA,NA,0,0,227,2019-06-19a,0.1
2019-06-19,a,14,0.1,-10,NA,2019-06-24,0,NA,NA,L,NA,NA,NA,NA,NA,NA,NA,NA,0,-10,228,2019-06-19a,0.1
2019-06-19,a,15,0.1,-18,NA,2019-06-24,1,NA,NA,L,NA,NA,NA,NA,NA,NA,NA,NA,0,-18,229,2019-06-19a,0.1
2019-06-19,a,control,0.1,NA,NA,2019-06-24,1,NA,NA,L,NA,NA,NA,NA,NA,NA,NA,NA,0,NA,230,2019-06-19a,0.1
2019-06-19,a,control,0.1,NA,NA,2019-06-24,1,NA,NA,L,NA,NA,NA,NA,NA,NA,NA,NA,1,NA,231,2019-06-19a,0.1
2019-04-02,b,3,0.1,-36,B,2019-04-05,1,0,N,L,NA,NA,2019-04-08,1,0,L,NA,-24.6,0,-32,232,2019-04-02b,0.1
2019-04-02,b,4,0.1,-26,B,2019-04-05,1,1,N,L,NA,NA,2019-04-08,1,1,L,NA,-26,1,-26,233,2019-04-02b,0.1
2019-04-02,b,5,0.1,-30,B,2019-04-05,1,0,N,L,NA,NA,2019-04-08,1,0,L,NA,-23,0,-30,234,2019-04-02b,0.1
2019-04-02,b,7,0.1,-32,B,2019-04-05,1,0,N,L,NA,NA,2019-04-08,1,0,L,NA,-24.3,0,-32,235,2019-04-02b,0.1
2019-04-02,b,8,0.1,-36,B,2019-04-05,1,0,N,L,NA,NA,2019-04-08,1,0,L,NA,-22.3,0,-32,236,2019-04-02b,0.1
2019-04-02,b,9,0.1,-22,B,2019-04-05,1,1,N,L,NA,NA,2019-04-08,1,1,L,NA,NA,1,-22,237,2019-04-02b,0.1
2019-04-02,b,10,0.1,-24,B,2019-04-05,1,0,Y,L,NA,NA,2019-04-08,1,0,W,NA,-22.2,0,-24,238,2019-04-02b,0.1
2019-04-02,b,11,0.1,-36,B,2019-04-05,1,0,N,L,NA,NA,2019-04-08,1,0,L,NA,-23.3,0,-32,239,2019-04-02b,0.1
2019-04-02,b,13,0.1,-34,B,2019-04-05,1,0,Y,L,NA,NA,2019-04-08,1,0,L,NA,-24.5,0,-32,240,2019-04-02b,0.1
2019-04-02,b,15,0.1,-28,B,2019-04-05,1,0,N,L,NA,NA,2019-04-08,1,0,P,NA,-23.8,0,-28,241,2019-04-02b,0.1
2019-04-02,b,control,0.1,NA,B,2019-04-05,1,1,N,L,NA,NA,2019-04-08,1,1,L,NA,NA,0,NA,242,2019-04-02b,0.1
2019-04-02,b,control,0.1,NA,B,2019-04-05,1,1,N,L,NA,NA,2019-04-08,1,0,W,NA,NA,1,NA,243,2019-04-02b,0.1
2019-04-02,b,control,0.1,NA,B,2019-04-05,1,1,N,L,NA,NA,2019-04-08,1,1,L,NA,NA,0,NA,244,2019-04-02b,0.1
2019-02-20,c,3,0.5,-2,26,2019-02-25,1,1,N,L,NA,NA,NA,NA,NA,NA,NA,NA,0,-2,245,2019-02-20c,0.5
2019-02-20,c,4,0.5,-8,26,2019-02-25,1,1,N,L,NA,NA,NA,NA,NA,NA,NA,NA,0,-8,246,2019-02-20c,0.5
2019-02-20,c,5,0.5,-16,26,2019-02-25,1,0,Y,L,NA,NA,NA,NA,NA,NA,NA,NA,1,-16,247,2019-02-20c,0.5
2019-02-20,c,7,0.5,-6,26,2019-02-25,1,0,N,L,NA,NA,NA,NA,NA,NA,NA,NA,0,-6,248,2019-02-20c,0.5
2019-02-20,c,8,0.5,-10,26,2019-02-25,1,0,Y,L,NA,NA,NA,NA,NA,NA,NA,NA,1,-10,249,2019-02-20c,0.5
2019-02-20,c,9,0.5,-18,26,2019-02-25,1,0,Y,L,NA,NA,NA,NA,NA,NA,NA,NA,1,-18,250,2019-02-20c,0.5
2019-02-20,c,10,0.5,0,26,2019-02-25,1,0,Y,L,NA,NA,NA,NA,NA,NA,NA,NA,1,0,251,2019-02-20c,0.5
2019-02-20,c,11,0.5,-12,26,2019-02-25,1,0,Y,L,2019-03-27,NA,NA,NA,NA,NA,NA,NA,1,-12,252,2019-02-20c,0.5
2019-02-20,c,13,0.5,-4,26,2019-02-25,1,0,N,L,NA,NA,NA,NA,NA,NA,NA,NA,0,-4,253,2019-02-20c,0.5
2019-02-20,c,14,0.5,-20,26,2019-02-25,1,0,Y,L,NA,NA,NA,NA,NA,NA,NA,NA,1,-20,254,2019-02-20c,0.5
2019-02-20,c,15,0.5,-14,26,2019-02-25,1,0,Y,L,NA,NA,NA,NA,NA,NA,NA,NA,0,-14,255,2019-02-20c,0.5
2019-02-20,c,control,0.5,NA,26,2019-02-25,1,0,Y,L,NA,NA,NA,NA,NA,NA,NA,NA,0,NA,256,2019-02-20c,0.5
2019-02-20,c,control,0.5,NA,26,2019-02-25,1,0,Y,L,NA,NA,NA,NA,NA,NA,NA,NA,1,NA,257,2019-02-20c,0.5
2019-02-21,a,3,0.1,-6,26,2019-02-25,0,0,N,L,NA,NA,NA,NA,NA,NA,NA,NA,0,-6,258,2019-02-21a,0.1
2019-02-21,a,4,0.1,-16,26,2019-02-25,1,1,Y,L,NA,NA,NA,NA,NA,NA,NA,NA,0,-16,259,2019-02-21a,0.1
2019-02-21,a,5,0.1,-4,26,2019-02-25,1,0,Y,P,NA,NA,NA,NA,NA,NA,NA,NA,1,-4,260,2019-02-21a,0.1
2019-02-21,a,7,0.1,-10,32,2019-02-25,1,0,Y,L,NA,NA,NA,NA,NA,NA,NA,NA,1,-10,261,2019-02-21a,0.1
2019-02-21,a,8,0.1,-12,26,2019-02-25,1,0,Y,L,NA,NA,NA,NA,NA,NA,NA,NA,0,-12,262,2019-02-21a,0.1
2019-02-21,a,9,0.1,-20,32,2019-02-25,1,1,Y,L,NA,NA,NA,NA,NA,NA,scp probably an artifact,-8.5,0,-20,263,2019-02-21a,0.1
2019-02-21,a,10,0.1,-14,26,2019-02-25,1,1,N,L,NA,NA,NA,NA,NA,NA,KILLED?,NA,0,-14,264,2019-02-21a,0.1
2019-02-21,a,11,0.1,-2,26,2019-02-25,1,1,Y,L,NA,NA,NA,NA,NA,NA,NA,NA,0,-2,265,2019-02-21a,0.1
2019-02-21,a,13,0.1,-18,26,2019-02-25,0,0,Y,L,NA,NA,NA,NA,NA,NA,NA,NA,0,-18,266,2019-02-21a,0.1
2019-02-21,a,14,0.1,-8,26,2019-02-25,0,0,N,L,NA,NA,NA,NA,NA,NA,NA,NA,0,-8,267,2019-02-21a,0.1
2019-02-21,a,15,0.1,0,32,2019-02-25,0,0,N,L,NA,NA,NA,NA,NA,NA,NA,NA,0,0,268,2019-02-21a,0.1
2019-02-21,a,control,0.1,NA,32,2019-02-25,1,0,Y,L,2019-04-05,NA,NA,NA,NA,NA,ADULT IN COCOON,NA,1,NA,269,2019-02-21a,0.1
2019-02-21,a,control,0.1,NA,26,2019-02-25,0,0,N,L,NA,NA,NA,NA,NA,NA,NA,NA,1,NA,270,2019-02-21a,0.1
2019-02-21,f,3,1,-32,32,2019-02-25,1,0,Y,L,NA,NA,NA,NA,NA,NA,NA,-24.9,0,-32,271,2019-02-21f,1
2019-02-21,f,4,1,-24,32,2019-02-25,1,0,Y,L,NA,NA,NA,NA,NA,NA,NA,-23.7,0,-24,272,2019-02-21f,1
2019-02-21,f,5,1,-30,32,2019-02-25,1,0,N,L,NA,NA,NA,NA,NA,NA,NA,-24.9,0,-30,273,2019-02-21f,1
2019-02-21,f,7,1,-34,32,2019-02-25,1,0,Y,L,NA,NA,NA,NA,NA,NA,NA,-26,0,-32,274,2019-02-21f,1
2019-02-21,f,9,1,-36,32,2019-02-25,1,0,Y,L,NA,NA,NA,NA,NA,NA,NA,-24.9,0,-32,275,2019-02-21f,1
2019-02-21,f,10,1,-26,32,2019-02-25,1,0,Y,L,NA,NA,NA,NA,NA,NA,NA,-24.2,0,-26,276,2019-02-21f,1
2019-02-21,f,11,1,-38,32,2019-02-25,1,0,Y,L,NA,NA,NA,NA,NA,NA,NA,-24.1,0,-32,277,2019-02-21f,1
2019-02-21,f,13,1,-22,32,2019-02-25,1,0,Y,L,NA,NA,NA,NA,NA,NA,NA,NA,0,-22,278,2019-02-21f,1
2019-02-21,f,14,1,-38,32,2019-02-25,1,0,Y,L,NA,NA,NA,NA,NA,NA,NA,-25.3,0,-32,279,2019-02-21f,1
2019-02-21,f,15,1,-28,32,2019-02-25,1,1,Y,L,NA,NA,NA,NA,NA,NA,NA,-24.8,0,-28,280,2019-02-21f,1
2019-02-21,f,control,1,NA,32,2019-02-25,1,0,Y,L,NA,NA,NA,NA,NA,NA,NA,NA,1,NA,281,2019-02-21f,1
2019-02-21,f,control,1,NA,32,2019-02-25,1,0,Y,L,2019-03-27,NA,NA,NA,NA,NA,NA,NA,0,NA,282,2019-02-21f,1
2019-02-21,f,control,1,NA,32,2019-02-25,1,0,Y,L,NA,NA,NA,NA,NA,NA,NA,NA,0,NA,283,2019-02-21f,1
2019-02-22,b,3,0.1,-37,32,2019-02-25,0,0,Y,L,NA,NA,NA,NA,NA,NA,NA,-25.3,0,-32,284,2019-02-22b,0.1
2019-02-22,b,4,0.1,-37,32,2019-02-25,1,0,Y,L,NA,NA,NA,NA,NA,NA,NA,-25.4,0,-32,285,2019-02-22b,0.1
2019-02-22,b,5,0.1,-28,32,2019-02-25,1,0,Y,L,NA,NA,NA,NA,NA,NA,NA,-23,0,-28,286,2019-02-22b,0.1
2019-02-22,b,7,0.1,-22,32,2019-02-25,1,1,Y,L,2019-03-27,NA,NA,NA,NA,NA,NA,NA,1,-22,287,2019-02-22b,0.1
2019-02-22,b,9,0.1,-30,32,2019-02-25,0,0,Y,L,NA,NA,NA,NA,NA,NA,NA,-23.5,0,-30,288,2019-02-22b,0.1
2019-02-22,b,10,0.1,-24,32,2019-02-25,1,0,Y,L,NA,NA,NA,NA,NA,NA,NA,-21.9,0,-24,289,2019-02-22b,0.1
2019-02-22,b,11,0.1,-26,32,2019-02-25,0,0,N,L,NA,NA,NA,NA,NA,NA,NA,-23.8,0,-26,290,2019-02-22b,0.1
2019-02-22,b,13,0.1,-34,32,2019-02-25,0,0,Y,L,NA,NA,NA,NA,NA,NA,NA,-23.2,0,-32,291,2019-02-22b,0.1
2019-02-22,b,14,0.1,-32,32,2019-02-25,1,0,N,L,NA,NA,NA,NA,NA,NA,NA,-24.9,0,-32,292,2019-02-22b,0.1
2019-02-22,b,15,0.1,-36,32,2019-02-25,0,0,Y,L,NA,NA,NA,NA,NA,NA,NA,-23.4,0,-32,293,2019-02-22b,0.1
2019-02-22,b,control,0.1,NA,32,2019-02-25,1,0,Y,L,NA,NA,NA,NA,NA,NA,NA,NA,0,NA,294,2019-02-22b,0.1
2019-02-22,b,control,0.1,NA,32,2019-02-25,1,0,Y,L,NA,NA,NA,NA,NA,NA,NA,NA,1,NA,295,2019-02-22b,0.1
2019-02-22,b,control,0.1,NA,32,2019-02-25,1,0,Y,L,2019-03-27,NA,NA,NA,NA,NA,ADULT IN COCOON,NA,1,NA,296,2019-02-22b,0.1
2019-03-26,b,3,0.1,-32,B,2019-03-29,1,0,N,L,NA,NA,2019-04-01,0,0,NA,NA,-26.6,0,-32,297,2019-03-26b,0.1
2019-03-26,b,4,0.1,-24,B,2019-03-29,1,1,N,L,2019-04-12,NA,2019-04-05,1,0,W,ADULT DRY,NA,1,-24,298,2019-03-26b,0.1
2019-03-26,b,5,0.1,-22,B,2019-03-29,1,1,N,L,NA,NA,2019-04-05,1,0,L,NA,NA,0,-22,299,2019-03-26b,0.1
2019-03-26,b,7,0.1,-34,B,2019-03-29,1,0,N,L,NA,NA,2019-04-05,NA,0,L,NA,-23.3,0,-32,300,2019-03-26b,0.1
2019-03-26,b,9,0.1,-34.5,B,2019-03-29,1,0,N,L,NA,NA,2019-04-05,NA,0,L,NA,-25.8,0,-32,301,2019-03-26b,0.1
2019-03-26,b,10,0.1,-26,B,2019-03-29,0,0,N,L,NA,NA,NA,NA,NA,NA,NA,-25.7,0,-26,302,2019-03-26b,0.1
2019-03-26,b,11,0.1,-34.5,B,2019-03-29,0,0,N,L,NA,NA,NA,NA,NA,NA,NA,-24.9,0,-32,303,2019-03-26b,0.1
2019-03-26,b,13,0.1,-28,B,2019-03-29,1,0,N,L,NA,NA,2019-04-05,1,0,L,NA,-25.1,0,-28,304,2019-03-26b,0.1
2019-03-26,b,14,0.1,-30,B,2019-03-29,0,0,N,L,NA,NA,NA,NA,NA,NA,NA,-25,0,-30,305,2019-03-26b,0.1
2019-03-26,b,15,0.1,-20,B,2019-03-29,0,0,N,L,NA,NA,NA,NA,NA,NA,NA,NA,0,-20,306,2019-03-26b,0.1
2019-03-26,b,control,0.1,NA,B,2019-03-29,1,0,N,L,NA,NA,2019-04-01,0,0,NA,NA,NA,0,NA,307,2019-03-26b,0.1
2019-03-26,b,control,0.1,NA,B,2019-03-29,1,1,N,L,NA,NA,2019-04-05,1,0,L,NA,NA,0,NA,308,2019-03-26b,0.1
2019-03-26,b,control,0.1,NA,B,2019-03-29,1,1,N,L,NA,NA,2019-04-05,1,0,L,NA,NA,0,NA,309,2019-03-26b,0.1
2019-06-26,1f,3,1,-26,NA,2019-06-29,0,NA,NA,NA,NA,NA,NA,NA,NA,NA,bad batch?,-26,0,-26,310,2019-06-261f,1
2019-06-26,1f,4,1,-22,NA,2019-06-29,0,NA,NA,NA,NA,NA,NA,NA,NA,NA,bad batch?,NA,0,-22,311,2019-06-261f,1
2019-06-26,1f,5,1,-30,NA,2019-06-29,0,NA,NA,NA,NA,NA,NA,NA,NA,NA,bad batch?,-26.3,1,-30,312,2019-06-261f,1
2019-06-26,1f,7,1,-32,NA,2019-06-29,1,NA,NA,NA,NA,NA,NA,NA,NA,NA,bad batch?,-25,0,-32,313,2019-06-261f,1
2019-06-26,1f,8,1,-32,NA,2019-06-29,1,NA,NA,NA,NA,NA,NA,NA,NA,NA,bad batch?,NA,0,-32,314,2019-06-261f,1
2019-06-26,1f,9,1,-28,NA,2019-06-29,0,NA,NA,NA,NA,NA,NA,NA,NA,NA,bad batch?,-28,0,-28,315,2019-06-261f,1
2019-06-26,1f,10,1,-32,NA,2019-06-29,0,NA,NA,NA,NA,NA,NA,NA,NA,NA,bad batch?,NA,0,-32,316,2019-06-261f,1
2019-06-26,1f,13,1,-24,NA,2019-06-29,1,NA,NA,NA,NA,NA,NA,NA,NA,NA,bad batch?,-22.7,0,-24,317,2019-06-261f,1
2019-06-26,1f,14,1,-32,NA,2019-06-29,0,NA,NA,NA,NA,NA,NA,NA,NA,NA,bad batch?,NA,0,-32,318,2019-06-261f,1
2019-06-26,1f,15,1,-32,NA,2019-06-29,1,NA,NA,NA,NA,NA,NA,NA,NA,NA,bad batch?,-24.4,0,-32,319,2019-06-261f,1
2019-06-26,1f,control,1,NA,NA,2019-06-29,1,NA,NA,NA,NA,NA,NA,NA,NA,NA,bad batch?,NA,1,NA,320,2019-06-261f,1
2019-06-26,1f,control,1,NA,NA,2019-06-29,1,NA,NA,NA,NA,NA,NA,NA,NA,NA,bad batch?,NA,0,NA,321,2019-06-261f,1
2019-06-26,1f,control,1,NA,NA,2019-06-29,1,NA,NA,NA,NA,NA,NA,NA,NA,NA,bad batch?,NA,0,NA,322,2019-06-261f,1
2019-06-26,2f,3,1,-30,NA,2019-06-29,1,NA,NA,NA,NA,NA,NA,NA,NA,NA,NA,-25.4,1,-30,323,2019-06-262f,1
2019-06-26,2f,4,1,-22,NA,2019-06-29,1,NA,NA,NA,NA,NA,NA,NA,NA,NA,NA,NA,1,-22,324,2019-06-262f,1
2019-06-26,2f,5,1,-26,NA,2019-06-29,1,NA,NA,NA,NA,NA,NA,NA,NA,NA,NA,-25.3,0,-26,325,2019-06-262f,1
2019-06-26,2f,6,1,-32,NA,2019-06-29,0,NA,NA,NA,NA,NA,NA,NA,NA,NA,NA,NA,0,-32,326,2019-06-262f,1
2019-06-26,2f,7,1,-32,NA,2019-06-29,0,NA,NA,NA,NA,NA,NA,NA,NA,NA,NA,NA,0,-32,327,2019-06-262f,1
2019-06-26,2f,8,1,-32,NA,2019-06-29,0,NA,NA,NA,NA,NA,NA,NA,NA,NA,NA,-24,1,-32,328,2019-06-262f,1
2019-06-26,2f,9,1,-28,NA,2019-06-29,1,NA,NA,NA,NA,NA,NA,NA,NA,NA,NA,NA,0,-28,329,2019-06-262f,1
2019-06-26,2f,10,1,NA,NA,NA,NA,NA,NA,NA,NA,NA,NA,NA,NA,NA,NA,-25.2,0,NA,330,2019-06-262f,1
2019-06-26,2f,13,1,-24,NA,2019-06-29,1,NA,NA,NA,NA,NA,NA,NA,NA,NA,NA,-24,0,-24,331,2019-06-262f,1
2019-06-26,2f,14,1,-32,NA,2019-06-29,0,NA,NA,NA,NA,NA,NA,NA,NA,NA,NA,NA,0,-32,332,2019-06-262f,1
2019-06-26,2f,15,1,-32,NA,2019-06-29,0,NA,NA,NA,NA,NA,NA,NA,NA,NA,NA,NA,0,-32,333,2019-06-262f,1
2019-06-26,2f,control,1,NA,NA,2019-06-29,1,NA,NA,NA,NA,NA,NA,NA,NA,NA,NA,NA,0,NA,334,2019-06-262f,1
2019-06-26,2f,control,1,NA,NA,2019-06-29,1,NA,NA,NA,NA,NA,NA,NA,NA,NA,NA,NA,1,NA,335,2019-06-262f,1
2019-06-26,2f,control,1,NA,NA,2019-06-29,1,NA,NA,NA,NA,NA,NA,NA,NA,NA,NA,NA,1,NA,336,2019-06-262f,1
2019-03-27,d,3,0.5,-36,B,2019-04-01,0,0,N,L,NA,NA,NA,NA,NA,NA,NA,-26.7,0,-32,337,2019-03-27d,0.5
2019-03-27,d,4,0.5,-26,B,2019-04-01,1,0,N,L,NA,NA,2019-04-05,1,0,L,NA,NA,0,-26,338,2019-03-27d,0.5
2019-03-27,d,5,0.5,-32,B,2019-04-01,1,0,N,L,NA,NA,2019-04-05,1,0,L,NA,-26.3,0,-32,339,2019-03-27d,0.5
2019-03-27,d,7,0.5,-37.5,B,2019-04-01,0,0,N,L,NA,NA,NA,NA,NA,NA,NA,-25.7,0,-32,340,2019-03-27d,0.5
2019-03-27,d,9,0.5,-34,B,2019-04-01,0,0,N,L,NA,NA,NA,NA,NA,NA,NA,-26.4,0,-32,341,2019-03-27d,0.5
2019-03-27,d,10,0.5,-30,B,2019-04-01,0,0,N,L,NA,NA,NA,NA,NA,NA,NA,-25.7,0,-30,342,2019-03-27d,0.5
2019-03-27,d,11,0.5,-28,B,2019-04-01,0,0,N,L,NA,NA,NA,NA,NA,NA,NA,-26,0,-28,343,2019-03-27d,0.5
2019-03-27,d,13,0.5,-37,B,2019-04-01,0,0,N,L,NA,NA,NA,NA,NA,NA,NA,-24.4,0,-32,344,2019-03-27d,0.5
2019-03-27,d,14,0.5,-24,B,2019-04-01,1,1,N,L,NA,NA,2019-04-05,1,1,L,NA,NA,0,-24,345,2019-03-27d,0.5
2019-03-27,d,15,0.5,-22,B,2019-04-01,1,0,N,L,NA,NA,NA,NA,NA,NA,NA,-21.9,0,-22,346,2019-03-27d,0.5
2019-03-27,d,control,0.5,NA,B,2019-04-01,1,1,N,L,NA,NA,2019-04-05,1,0,P,NA,NA,0,NA,347,2019-03-27d,0.5
2019-03-27,d,control,0.5,NA,B,2019-04-01,1,0,N,L,NA,NA,2019-04-05,NA,0,L,NA,NA,0,NA,348,2019-03-27d,0.5
2019-03-27,d,control,0.5,NA,B,2019-04-01,1,1,N,L,NA,NA,2019-04-05,1,0,W,NA,NA,0,NA,349,2019-03-27d,0.5
2019-03-28,b,3,0.1,-36,B,2019-04-01,0,0,N,L,NA,NA,NA,NA,NA,NA,NA,-25.9,0,-32,350,2019-03-28b,0.1
2019-03-28,b,4,0.1,-36,B,2019-04-01,0,0,N,L,NA,NA,NA,NA,NA,NA,"Weirdly high exotherm, possibly due to tube being pulled out?",-4.6,0,-32,351,2019-03-28b,0.1
2019-03-28,b,5,0.1,-26,B,2019-04-01,0,0,N,L,NA,NA,NA,NA,NA,NA,NA,-25,0,-26,352,2019-03-28b,0.1
2019-03-28,b,7,0.1,-30,B,2019-04-01,0,0,N,L,NA,NA,NA,NA,NA,NA,NA,-23.1,0,-30,353,2019-03-28b,0.1
2019-03-28,b,8,0.1,-22,B,2019-04-01,1,1,N,L,NA,NA,2019-04-05,1,0,W,NA,NA,0,-22,354,2019-03-28b,0.1
2019-03-28,b,9,0.1,-35.5,B,2019-04-01,0,0,N,L,NA,NA,NA,NA,NA,NA,NA,-25.5,0,-32,355,2019-03-28b,0.1
2019-03-28,b,10,0.1,-32,B,2019-04-01,0,0,N,L,NA,NA,NA,NA,NA,NA,NA,-24.6,0,-32,356,2019-03-28b,0.1
2019-03-28,b,11,0.1,-34,B,2019-04-01,0,0,N,L,NA,NA,NA,NA,NA,NA,NA,-25.2,0,-32,357,2019-03-28b,0.1
2019-03-28,b,13,0.1,-28,B,2019-04-01,0,0,N,L,NA,NA,NA,NA,NA,NA,NA,-25.7,0,-28,358,2019-03-28b,0.1
2019-03-28,b,15,0.1,-24,B,2019-04-01,1,0,N,L,NA,NA,NA,NA,NA,NA,NA,-22.1,0,-24,359,2019-03-28b,0.1
2019-03-28,b,control,0.1,NA,B,2019-04-01,1,1,N,L,NA,NA,2019-04-05,1,0,L,NA,NA,0,NA,360,2019-03-28b,0.1
2019-03-28,b,control,0.1,NA,B,2019-04-01,1,1,N,L,NA,NA,2019-04-05,1,0,W,NA,NA,0,NA,361,2019-03-28b,0.1
2019-03-28,b,control,0.1,NA,B,2019-04-01,1,0,N,L,NA,NA,2019-04-05,0,0,L,NA,NA,0,NA,362,2019-03-28b,0.1
2019-06-28,a,3,0.1,0,NA,2019-06-30,0,NA,NA,NA,NA,NA,NA,NA,NA,NA,bad batch?,NA,0,0,363,2019-06-28a,0.1
2019-06-28,a,4,0.1,-12,NA,2019-06-30,1,NA,NA,NA,NA,NA,NA,NA,NA,NA,bad batch?,NA,0,-12,364,2019-06-28a,0.1
2019-06-28,a,5,0.1,-10,NA,2019-06-30,0,NA,NA,NA,NA,NA,NA,NA,NA,NA,bad batch?,NA,0,-10,365,2019-06-28a,0.1
2019-06-28,a,7,0.1,-4,NA,2019-06-30,0,NA,NA,NA,NA,NA,NA,NA,NA,NA,bad batch?,NA,0,-4,366,2019-06-28a,0.1
2019-06-28,a,8,0.1,-14,NA,2019-06-30,0,NA,NA,NA,NA,NA,NA,NA,NA,NA,bad batch?,NA,0,-14,367,2019-06-28a,0.1
2019-06-28,a,9,0.1,-16,NA,2019-06-30,1,NA,NA,NA,NA,NA,NA,NA,NA,NA,bad batch?,NA,0,-16,368,2019-06-28a,0.1
2019-06-28,a,10,0.1,-8,NA,2019-06-30,1,NA,NA,NA,NA,NA,NA,NA,NA,NA,bad batch?,NA,1,-8,369,2019-06-28a,0.1
2019-06-28,a,13,0.1,-2,NA,2019-06-30,1,NA,NA,NA,NA,NA,NA,NA,NA,NA,bad batch?,NA,1,-2,370,2019-06-28a,0.1
2019-06-28,a,14,0.1,-18,NA,2019-06-30,1,NA,NA,NA,NA,NA,NA,NA,NA,NA,bad batch?,NA,1,-18,371,2019-06-28a,0.1
2019-06-28,a,control,0.1,NA,NA,2019-06-30,1,NA,NA,NA,NA,NA,NA,NA,NA,NA,bad batch?,NA,1,NA,372,2019-06-28a,0.1
2019-04-03,a,3,0.1,-14,B,2019-04-05,1,0,Y,L,NA,NA,2019-04-08,1,0,L,NA,NA,0,-14,373,2019-04-03a,0.1
2019-04-03,a,4,0.1,-20,B,2019-04-05,1,0,Y,L,NA,NA,2019-04-08,1,0,W,NA,NA,1,-20,374,2019-04-03a,0.1
2019-04-03,a,5,0.1,-8,B,2019-04-05,1,0,Y,L,NA,NA,2019-04-08,1,0,W,NA,NA,1,-8,375,2019-04-03a,0.1
2019-04-03,a,7,0.1,-4,B,2019-04-05,1,0,Y,L,NA,NA,2019-04-08,1,0,W,NA,NA,1,-4,376,2019-04-03a,0.1
2019-04-03,a,8,0.1,-12,B,2019-04-05,1,0,Y,L,NA,NA,2019-04-08,1,0,W,NA,NA,1,-12,377,2019-04-03a,0.1
2019-04-03,a,9,0.1,-18,B,2019-04-05,1,1,N,L,NA,NA,2019-04-08,1,1,L,NA,NA,0,-18,378,2019-04-03a,0.1
2019-04-03,a,10,0.1,-2,B,2019-04-05,1,1,N,L,NA,NA,2019-04-08,1,1,L,NA,NA,0,-2,379,2019-04-03a,0.1
2019-04-03,a,11,0.1,-10,B,2019-04-05,1,0,Y,L,NA,NA,2019-04-08,1,0,L,NA,NA,0,-10,380,2019-04-03a,0.1
2019-04-03,a,13,0.1,-6,B,2019-04-05,1,0,Y,P,NA,NA,2019-04-08,1,0,W,NA,NA,0,-6,381,2019-04-03a,0.1
2019-04-03,a,14,0.1,0,B,2019-04-05,1,0,N,L,NA,NA,2019-04-08,1,0,L,NA,NA,0,0,382,2019-04-03a,0.1
2019-04-03,a,15,0.1,-16,B,2019-04-05,1,0,N,L,NA,NA,2019-04-08,1,1,L,NA,NA,0,-16,383,2019-04-03a,0.1
2019-04-03,a,control,0.1,NA,B,2019-04-05,1,1,N,L,NA,NA,2019-04-08,1,1,L,NA,NA,0,NA,384,2019-04-03a,0.1
2019-04-03,a,control,0.1,NA,B,2019-04-05,1,1,Y,L,NA,NA,2019-04-08,1,0,L,NA,NA,0,NA,385,2019-04-03a,0.1
2019-04-03,c,3,0.5,-6,B,2019-04-05,1,1,N,L,NA,NA,2019-04-08,1,0,L,NA,NA,0,-6,386,2019-04-03c,0.5
2019-04-03,c,4,0.5,-12,B,2019-04-05,1,1,Y,L,NA,NA,2019-04-08,1,1,L,NA,NA,0,-12,387,2019-04-03c,0.5
2019-04-03,c,5,0.5,0,B,2019-04-05,1,1,Y,L,NA,NA,2019-04-08,1,0,L,NA,NA,0,0,388,2019-04-03c,0.5
2019-04-03,c,7,0.5,-14,B,2019-04-05,1,0,Y,L,NA,NA,2019-04-08,1,0,W,NA,NA,1,-14,389,2019-04-03c,0.5
2019-04-03,c,8,0.5,-2,B,2019-04-05,1,0,N,L,NA,NA,2019-04-08,1,0,L,NA,NA,0,-2,390,2019-04-03c,0.5
2019-04-03,c,9,0.5,-16,B,2019-04-05,1,1,N,L,NA,NA,2019-04-08,1,1,L,NA,NA,0,-16,391,2019-04-03c,0.5
2019-04-03,c,10,0.5,-4,B,2019-04-05,1,0,Y,L,NA,NA,2019-04-08,1,0,W,NA,NA,1,-4,392,2019-04-03c,0.5
2019-04-03,c,11,0.5,-20,B,2019-04-05,1,0,N,L,NA,NA,2019-04-08,0,0,L,NA,NA,0,-20,393,2019-04-03c,0.5
2019-04-03,c,13,0.5,-8,B,2019-04-05,1,0,Y,L,2019-04-12,NA,2019-04-08,1,0,W,ADULT IN COCOON,NA,1,-8,394,2019-04-03c,0.5
2019-04-03,c,14,0.5,-10,B,2019-04-05,1,1,N,L,NA,NA,2019-04-08,1,1,L,NA,NA,0,-10,395,2019-04-03c,0.5
2019-04-03,c,15,0.5,-18,B,2019-04-05,1,1,N,L,NA,NA,2019-04-08,1,1,L,NA,NA,0,-18,396,2019-04-03c,0.5
2019-04-03,c,control,0.5,NA,B,2019-04-05,1,0,Y,L,2019-04-12,NA,2019-04-08,1,0,W,ADULT IN COCOON,NA,1,NA,397,2019-04-03c,0.5
2019-04-03,c,control,0.5,NA,B,2019-04-05,1,0,Y,L,NA,NA,2019-04-08,NA,0,L,,NA,0,NA,398,2019-04-03c,0.5
2019-04-03,c,control,0.5,NA,B,2019-04-05,1,0,N,L,NA,NA,2019-04-08,0,0,L,,NA,0,NA,399,2019-04-03c,0.5
2019-04-03,c,control,0.5,NA,B,2019-04-05,1,1,N,L,NA,NA,2019-04-08,1,1,L,,NA,1,NA,400,2019-04-03c,0.5
2019-06-06,d,3,0.5,-32,(5),2019-06-11,0,NA,Y,L,NA,NA,NA,NA,NA,NA,NA,-25.1,1,-32,401,2019-06-06d,0.5
2019-06-06,d,4,0.5,-28,(5),2019-06-11,1,NA,Y,L,NA,NA,NA,NA,NA,NA,NA,NA,0,-28,402,2019-06-06d,0.5
2019-06-06,d,5,0.5,-32,(5),2019-06-11,1,NA,Y,L,NA,2019-11-06,NA,NA,NA,NA,moldy,-24.7,1,-32,403,2019-06-06d,0.5
2019-06-06,d,7,0.5,-26,(5),2019-06-11,1,NA,Y,L,NA,NA,NA,NA,NA,NA,NA,-24.2,0,-26,404,2019-06-06d,0.5
2019-06-06,d,8,0.5,-32,(5),2019-06-11,0,NA,Y,L,NA,NA,NA,NA,NA,NA,NA,-25.9,0,-32,405,2019-06-06d,0.5
2019-06-06,d,9,0.5,-32,(5),2019-06-11,1,NA,Y,L,NA,NA,NA,NA,NA,NA,NA,-23.5,0,-32,406,2019-06-06d,0.5
2019-06-06,d,10,0.5,-22,(5),2019-06-11,1,NA,Y,L,NA,NA,NA,NA,NA,NA,NA,NA,0,-22,407,2019-06-06d,0.5
2019-06-06,d,11,0.5,-24,(5),2019-06-11,0,NA,Y,L,NA,NA,NA,NA,NA,NA,NA,-20.8,0,-24,408,2019-06-06d,0.5
2019-06-06,d,14,0.5,-32,(5),2019-06-11,1,NA,Y,L,NA,NA,NA,NA,NA,NA,NA,-26.4,0,-32,409,2019-06-06d,0.5
2019-06-06,d,15,0.5,-30,(5),2019-06-11,1,NA,Y,L,NA,NA,NA,NA,NA,NA,NA,-20.3,1,-30,410,2019-06-06d,0.5
2019-06-06,d,control,0.5,NA,(5),2019-06-11,1,NA,Y,L,NA,NA,NA,NA,NA,NA,NA,NA,0,NA,411,2019-06-06d,0.5
2019-06-06,d,control,0.5,NA,(5),2019-06-11,1,NA,Y,L,NA,NA,NA,NA,NA,NA,NA,NA,1,NA,412,2019-06-06d,0.5
2019-06-06,d,control,0.5,NA,(5),2019-06-11,1,NA,Y,L,NA,NA,NA,NA,NA,NA,NA,NA,0,NA,413,2019-06-06d,0.5
2019-07-09,b,3,0.1,-22,NA,2019-07-12,1,NA,NA,NA,NA,NA,NA,NA,NA,NA,NA,NA,0,-22,414,2019-07-09b,0.1
2019-07-09,b,4,0.1,-22,NA,2019-07-12,1,NA,NA,NA,NA,NA,NA,NA,NA,NA,NA,-24,0,-22,415,2019-07-09b,0.1
2019-07-09,b,5,0.1,-28,NA,2019-07-12,1,NA,NA,NA,NA,NA,NA,NA,NA,NA,NA,-23.4,0,-28,416,2019-07-09b,0.1
2019-07-09,b,6,0.1,-24,NA,2019-07-12,1,NA,NA,NA,NA,NA,NA,NA,NA,NA,NA,NA,0,-24,417,2019-07-09b,0.1
2019-07-09,b,7,0.1,-28,NA,2019-07-12,1,NA,NA,NA,NA,NA,NA,NA,NA,NA,NA,-22.8,0,-28,418,2019-07-09b,0.1
2019-07-09,b,9,0.1,-28,NA,2019-07-12,1,NA,NA,NA,NA,NA,NA,NA,NA,NA,NA,NA,0,-28,419,2019-07-09b,0.1
2019-07-09,b,9,0.1,-28,NA,2019-07-12,1,NA,NA,NA,NA,NA,NA,NA,NA,NA,NA,-24,0,-28,420,2019-07-09b,0.1
2019-07-09,b,10,0.1,-28,NA,2019-07-12,1,NA,NA,NA,NA,NA,NA,NA,NA,NA,NA,-23.5,0,-28,421,2019-07-09b,0.1
2019-07-09,b,13,0.1,-26,NA,2019-07-12,1,NA,NA,NA,NA,NA,NA,NA,NA,NA,NA,-21.3,0,-26,422,2019-07-09b,0.1
2019-07-09,b,14,0.1,-28,NA,2019-07-12,1,NA,NA,NA,NA,NA,NA,NA,NA,NA,NA,NA,0,-28,423,2019-07-09b,0.1
2019-07-09,b,15,0.1,-26,NA,2019-07-12,1,NA,NA,NA,NA,NA,NA,NA,NA,NA,NA,-22.4,0,-26,424,2019-07-09b,0.1
2019-07-09,b,control,0.1,NA,NA,2019-07-12,1,NA,NA,NA,NA,NA,NA,NA,NA,NA,NA,NA,0,NA,425,2019-07-09b,0.1
2019-07-09,b,control,0.1,NA,NA,2019-07-12,1,NA,NA,NA,NA,NA,NA,NA,NA,NA,NA,NA,0,NA,426,2019-07-09b,0.1
2019-07-09,b,control,0.1,NA,NA,2019-07-12,1,NA,NA,NA,NA,NA,NA,NA,NA,NA,NA,NA,0,NA,427,2019-07-09b,0.1
